Residue,Cα_shift,Sidechain_orientation_change_deg
W160,0.0,0.9265618178764036
T161,0.08286132994348062,2.001137964856956
I162,0.07176350047202679,1.0497847795637525
H163,0.06315853069854223,2.7580270649414387
P164,0.11276967677527387,1.7955389258941556
D165,0.13834016047413078,1.1827197208730569
S166,0.15958383376769142,3.581138565797202
K167,0.3764080232938338,6.445383910048743
Q168,0.18027479025089235,1.3978839721836132
R169,0.40041728234429347,25.41296610680184
S170,0.7706322079954686,44.17406679877224
E171,0.36250655166496987,3.8009479758046316
G172,0.3285681055732776,0.0
E173,0.1511224668935533,4.470033700586089
K174,0.01802775637730355,0.8294458253882069
V175,0.09364293886888672,1.1790169181330163
R176,0.2659962405749543,2.639124720701477
V177,0.50912866743094,20.894018157076804
G178,0.4164876948962676,0.0
D179,0.3055895940636501,1.5069981367059413
D180,0.04517742799231858,3.5641355420241223
